{
  "horizon": 126,
  "best_model": "ridge",
  "per_model": {
    "lgbm": {
      "ic_mean": -0.02512299612438479,
      "ic_std": 0.12136376524227506,
      "icir": -0.20700574075163589,
      "hit_rate": 0.5124634398007167,
      "mae": 0.3189624667037645,
      "r2": -0.5771934165416951,
      "n_folds": 5
    },
    "xgb": {
      "ic_mean": -0.02546011243139975,
      "ic_std": 0.1306923204996605,
      "icir": -0.1948095521914456,
      "hit_rate": 0.5207658479711949,
      "mae": 0.33648961622710394,
      "r2": -0.7285136030726577,
      "n_folds": 5
    },
    "hist_gbm": {
      "ic_mean": -0.03861628888873116,
      "ic_std": 0.11148655189041733,
      "icir": -0.3463762062234016,
      "hit_rate": 0.5132531716329736,
      "mae": 0.3312484750816217,
      "r2": -0.7039644366169503,
      "n_folds": 5
    },
    "ridge": {
      "ic_mean": 0.02441392808118441,
      "ic_std": 0.1252966132412441,
      "icir": 0.1948490661449741,
      "hit_rate": 0.6338632172430969,
      "mae": 0.34201258880065194,
      "r2": -0.7766296584860919,
      "n_folds": 5
    },
    "rnn": {
      "ic_mean": -0.03226541235217043,
      "ic_std": 0.05503364948083839,
      "icir": -0.5862851665580455,
      "hit_rate": 0.5367000738606248,
      "mae": 0.3367717818434715,
      "r2": -0.9371869455382642,
      "n_folds": 5
    },
    "lstm": {
      "ic_mean": -0.011042741091561638,
      "ic_std": 0.08571919845960924,
      "icir": -0.12882459577319733,
      "hit_rate": 0.5278251145328849,
      "mae": 0.36262775422064103,
      "r2": -1.5059273973122864,
      "n_folds": 5
    },
    "gru": {
      "ic_mean": 0.004623290232119269,
      "ic_std": 0.06853173472219308,
      "icir": 0.06746203420737398,
      "hit_rate": 0.5714340609177417,
      "mae": 0.34296643033563134,
      "r2": -0.7520410750562523,
      "n_folds": 5
    }
  },
  "leakage_gate": {
    "real_abs_ic": 0.0244,
    "shuffled_ic_mean": 0.0313,
    "shuffled_ic_p95": 0.0551,
    "n_shuffles": 10,
    "pass": false
  },
  "feature_columns": [
    "mom_5d",
    "mom_10d",
    "mom_20d",
    "mom_60d",
    "mom_120d",
    "mom_12m1m",
    "sma_gap_10",
    "sma_gap_20",
    "sma_gap_50",
    "sma_gap_200",
    "mom_accel",
    "dist_52w_high",
    "dist_52w_low",
    "bb_pctb_20",
    "breakout_20",
    "breakdown_20",
    "vol_10d",
    "vol_20d",
    "vol_60d",
    "atr_14",
    "downside_vol_20d",
    "downside_vol_60d",
    "vol_of_vol_60",
    "ret_skew_60",
    "ret_kurt_60",
    "max_dd_252",
    "dd_from_high_60",
    "rel_vol_20",
    "avg_dollar_volume_20",
    "amihud_illiq_20",
    "volume_z_60",
    "overnight_gap",
    "rsi_14",
    "bull_regime",
    "high_vol_regime",
    "mom_20d_rank",
    "excess_ret_1d",
    "beta_60",
    "corr_bench_60",
    "macro_ust_10y",
    "macro_yield_curve",
    "macro_vix",
    "macro_hy_oas",
    "macro_fed_funds",
    "macro_ust_10y_chg_20d",
    "macro_yield_curve_chg_20d",
    "macro_vix_chg_20d",
    "macro_hy_oas_chg_20d",
    "macro_fed_funds_chg_20d",
    "macro_ust_10y_z_252",
    "macro_yield_curve_z_252",
    "macro_vix_z_252",
    "macro_hy_oas_z_252",
    "macro_fed_funds_z_252",
    "event_count",
    "event_sentiment_mean",
    "event_magnitude_mean",
    "event_novelty_max",
    "risk_flag_count",
    "sent_decay_3d",
    "sent_decay_7d",
    "sent_decay_14d",
    "sent_momentum",
    "days_to_fomc",
    "days_to_earnings",
    "macro_event_imminent",
    "hurst_dfa_120",
    "hurst_rs_120",
    "higuchi_fd_120",
    "rough_vol_h_120",
    "perm_entropy_60",
    "spectral_entropy_60",
    "wavelet_hf_60",
    "dominant_period_120",
    "hill_tail_alpha_250",
    "ews_composite_120",
    "rmt_systematic_frac",
    "rmt_market_beta"
  ],
  "n_rows": 323408,
  "trained_through": "2025-12-24"
}