{
  "horizon": 126,
  "best_model": "lgbm",
  "per_model": {
    "lgbm": {
      "ic_mean": 0.0196243397562228,
      "ic_std": 0.11760162934265701,
      "icir": 0.16687132538821525,
      "hit_rate": 0.5195534435082043,
      "mae": 0.3185633540530707,
      "r2": -0.5420818763152855,
      "n_folds": 5
    },
    "xgb": {
      "ic_mean": 0.013833206177644709,
      "ic_std": 0.12026999212093371,
      "icir": 0.11501793534446367,
      "hit_rate": 0.5267825244603316,
      "mae": 0.3349629245811553,
      "r2": -0.714926291505968,
      "n_folds": 5
    },
    "hist_gbm": {
      "ic_mean": 0.013392664636533422,
      "ic_std": 0.11384090936592206,
      "icir": 0.11764368987500794,
      "hit_rate": 0.5207211352313252,
      "mae": 0.3272471965942905,
      "r2": -0.6462707982392422,
      "n_folds": 5
    },
    "ridge": {
      "ic_mean": 0.02037666684245501,
      "ic_std": 0.18683975930245697,
      "icir": 0.10905958623865052,
      "hit_rate": 0.6371490077808666,
      "mae": 0.3275446562044889,
      "r2": -0.5809145594932226,
      "n_folds": 5
    }
  },
  "leakage_gate": {
    "shuffled_abs_ic": 0.0578,
    "real_abs_ic": 0.0196,
    "pass": false
  },
  "feature_columns": [
    "mom_5d",
    "mom_10d",
    "mom_20d",
    "mom_60d",
    "mom_120d",
    "mom_12m1m",
    "sma_gap_10",
    "sma_gap_20",
    "sma_gap_50",
    "sma_gap_200",
    "mom_accel",
    "dist_52w_high",
    "dist_52w_low",
    "bb_pctb_20",
    "breakout_20",
    "breakdown_20",
    "vol_10d",
    "vol_20d",
    "vol_60d",
    "atr_14",
    "downside_vol_20d",
    "downside_vol_60d",
    "vol_of_vol_60",
    "ret_skew_60",
    "ret_kurt_60",
    "max_dd_252",
    "dd_from_high_60",
    "rel_vol_20",
    "avg_dollar_volume_20",
    "amihud_illiq_20",
    "volume_z_60",
    "overnight_gap",
    "rsi_14",
    "bull_regime",
    "high_vol_regime",
    "mom_20d_rank",
    "excess_ret_1d",
    "beta_60",
    "corr_bench_60",
    "macro_ust_10y",
    "macro_yield_curve",
    "macro_vix",
    "macro_hy_oas",
    "macro_fed_funds",
    "macro_ust_10y_chg_20d",
    "macro_yield_curve_chg_20d",
    "macro_vix_chg_20d",
    "macro_hy_oas_chg_20d",
    "macro_fed_funds_chg_20d",
    "macro_ust_10y_z_252",
    "macro_yield_curve_z_252",
    "macro_vix_z_252",
    "macro_hy_oas_z_252",
    "macro_fed_funds_z_252",
    "event_count",
    "event_sentiment_mean",
    "event_magnitude_mean",
    "event_novelty_max",
    "risk_flag_count",
    "sent_decay_3d",
    "sent_decay_7d",
    "sent_decay_14d",
    "sent_momentum",
    "apprehension_score",
    "days_to_fomc",
    "days_to_earnings",
    "macro_event_imminent"
  ],
  "n_rows": 324545,
  "trained_through": "2025-12-22"
}