{
  "horizon": 21,
  "best_model": "hist_gbm",
  "per_model": {
    "lgbm": {
      "ic_mean": 0.09480687557344178,
      "ic_std": 0.04898815831687783,
      "icir": 1.9353018939840014,
      "hit_rate": 0.4976920845454968,
      "mae": 0.10646707288637744,
      "r2": -0.22139554297263025,
      "n_folds": 5
    },
    "xgb": {
      "ic_mean": 0.10025672105419206,
      "ic_std": 0.052159186025243304,
      "icir": 1.9221297089580953,
      "hit_rate": 0.49103665218130804,
      "mae": 0.1099892673787228,
      "r2": -0.2887847306704326,
      "n_folds": 5
    },
    "hist_gbm": {
      "ic_mean": 0.08796109318227932,
      "ic_std": 0.03662859443444423,
      "icir": 2.401432392927527,
      "hit_rate": 0.4836718329866169,
      "mae": 0.11346579933591952,
      "r2": -0.33313316745800836,
      "n_folds": 5
    },
    "ridge": {
      "ic_mean": 0.0506662819845076,
      "ic_std": 0.0948869750021666,
      "icir": 0.5339645613462829,
      "hit_rate": 0.5636993947369479,
      "mae": 0.10451665071160224,
      "r2": -0.21847457427563138,
      "n_folds": 5
    }
  },
  "leakage_gate": {
    "shuffled_abs_ic": 0.0018,
    "real_abs_ic": 0.088,
    "pass": true
  },
  "feature_columns": [
    "mom_5d",
    "mom_10d",
    "mom_20d",
    "mom_60d",
    "mom_120d",
    "mom_12m1m",
    "sma_gap_10",
    "sma_gap_20",
    "sma_gap_50",
    "sma_gap_200",
    "mom_accel",
    "dist_52w_high",
    "dist_52w_low",
    "bb_pctb_20",
    "breakout_20",
    "breakdown_20",
    "vol_10d",
    "vol_20d",
    "vol_60d",
    "atr_14",
    "downside_vol_20d",
    "downside_vol_60d",
    "vol_of_vol_60",
    "ret_skew_60",
    "ret_kurt_60",
    "max_dd_252",
    "dd_from_high_60",
    "rel_vol_20",
    "avg_dollar_volume_20",
    "amihud_illiq_20",
    "volume_z_60",
    "overnight_gap",
    "rsi_14",
    "bull_regime",
    "high_vol_regime",
    "mom_20d_rank",
    "excess_ret_1d",
    "beta_60",
    "corr_bench_60",
    "macro_ust_10y",
    "macro_yield_curve",
    "macro_vix",
    "macro_hy_oas",
    "macro_fed_funds",
    "macro_ust_10y_chg_20d",
    "macro_yield_curve_chg_20d",
    "macro_vix_chg_20d",
    "macro_hy_oas_chg_20d",
    "macro_fed_funds_chg_20d",
    "macro_ust_10y_z_252",
    "macro_yield_curve_z_252",
    "macro_vix_z_252",
    "macro_hy_oas_z_252",
    "macro_fed_funds_z_252",
    "event_count",
    "event_sentiment_mean",
    "event_magnitude_mean",
    "event_novelty_max",
    "risk_flag_count",
    "sent_decay_3d",
    "sent_decay_7d",
    "sent_decay_14d",
    "sent_momentum",
    "apprehension_score",
    "days_to_fomc",
    "days_to_earnings",
    "macro_event_imminent"
  ],
  "n_rows": 336402,
  "trained_through": "2026-05-26"
}