{
  "horizon": 21,
  "best_model": "lgbm",
  "per_model": {
    "lgbm": {
      "ic_mean": 0.01306616232241011,
      "ic_std": 0.021118054376241504,
      "icir": 0.6187199866816313,
      "hit_rate": 0.4865971739793592,
      "mae": 0.10795075914596511,
      "r2": -0.25668314246217383,
      "n_folds": 5
    },
    "xgb": {
      "ic_mean": 0.007810992454612559,
      "ic_std": 0.02758281207932695,
      "icir": 0.28318332562135035,
      "hit_rate": 0.49010539814631676,
      "mae": 0.11229929980475215,
      "r2": -0.341397346532058,
      "n_folds": 5
    },
    "hist_gbm": {
      "ic_mean": 0.01213845681262876,
      "ic_std": 0.020851935786734128,
      "icir": 0.5821261362386878,
      "hit_rate": 0.48929874866891493,
      "mae": 0.11066897384086291,
      "r2": -0.3106344224710572,
      "n_folds": 5
    },
    "ridge": {
      "ic_mean": 0.013760257482375646,
      "ic_std": 0.04517879330809317,
      "icir": 0.3045733733643276,
      "hit_rate": 0.5602354782957366,
      "mae": 0.10511778853862963,
      "r2": -0.23506992317839073,
      "n_folds": 5
    },
    "rnn": {
      "ic_mean": 0.00985688372042516,
      "ic_std": 0.02137739528340355,
      "icir": 0.4610890891874747,
      "hit_rate": 0.5339042703300402,
      "mae": 0.12092061659743722,
      "r2": -0.49308638911328784,
      "n_folds": 5
    },
    "lstm": {
      "ic_mean": 0.0041707872305522305,
      "ic_std": 0.02437799900896947,
      "icir": 0.17108816966551113,
      "hit_rate": 0.5310111687648825,
      "mae": 0.12865145185299717,
      "r2": -0.6748264759936854,
      "n_folds": 5
    },
    "gru": {
      "ic_mean": 0.0036127521664619184,
      "ic_std": 0.028272476988373648,
      "icir": 0.12778336217048025,
      "hit_rate": 0.530167576621809,
      "mae": 0.12716929977151134,
      "r2": -0.6358061336900395,
      "n_folds": 5
    }
  },
  "leakage_gate": {
    "real_abs_ic": 0.0131,
    "shuffled_ic_mean": 0.0123,
    "shuffled_ic_p95": 0.023,
    "n_shuffles": 10,
    "pass": false
  },
  "feature_columns": [
    "mom_5d",
    "mom_10d",
    "mom_20d",
    "mom_60d",
    "mom_120d",
    "mom_12m1m",
    "sma_gap_10",
    "sma_gap_20",
    "sma_gap_50",
    "sma_gap_200",
    "mom_accel",
    "dist_52w_high",
    "dist_52w_low",
    "bb_pctb_20",
    "breakout_20",
    "breakdown_20",
    "vol_10d",
    "vol_20d",
    "vol_60d",
    "atr_14",
    "downside_vol_20d",
    "downside_vol_60d",
    "vol_of_vol_60",
    "ret_skew_60",
    "ret_kurt_60",
    "max_dd_252",
    "dd_from_high_60",
    "rel_vol_20",
    "avg_dollar_volume_20",
    "amihud_illiq_20",
    "volume_z_60",
    "overnight_gap",
    "rsi_14",
    "bull_regime",
    "high_vol_regime",
    "mom_20d_rank",
    "excess_ret_1d",
    "beta_60",
    "corr_bench_60",
    "macro_ust_10y",
    "macro_yield_curve",
    "macro_vix",
    "macro_hy_oas",
    "macro_fed_funds",
    "macro_ust_10y_chg_20d",
    "macro_yield_curve_chg_20d",
    "macro_vix_chg_20d",
    "macro_hy_oas_chg_20d",
    "macro_fed_funds_chg_20d",
    "macro_ust_10y_z_252",
    "macro_yield_curve_z_252",
    "macro_vix_z_252",
    "macro_hy_oas_z_252",
    "macro_fed_funds_z_252",
    "event_count",
    "event_sentiment_mean",
    "event_magnitude_mean",
    "event_novelty_max",
    "risk_flag_count",
    "sent_decay_3d",
    "sent_decay_7d",
    "sent_decay_14d",
    "sent_momentum",
    "days_to_fomc",
    "days_to_earnings",
    "macro_event_imminent",
    "hurst_dfa_120",
    "hurst_rs_120",
    "higuchi_fd_120",
    "rough_vol_h_120",
    "perm_entropy_60",
    "spectral_entropy_60",
    "wavelet_hf_60",
    "dominant_period_120",
    "hill_tail_alpha_250",
    "ews_composite_120",
    "rmt_systematic_frac",
    "rmt_market_beta"
  ],
  "n_rows": 335171,
  "trained_through": "2026-05-28"
}