{
  "horizon": 252,
  "best_model": "lgbm",
  "per_model": {
    "lgbm": {
      "ic_mean": 0.1253092223323326,
      "ic_std": 0.06817017230623329,
      "icir": 1.8381825671412404,
      "hit_rate": 0.6718375334394857,
      "mae": 0.4253829868488893,
      "r2": -0.02727605800956383,
      "n_folds": 5
    },
    "xgb": {
      "ic_mean": 0.12805593530526468,
      "ic_std": 0.08916341922029561,
      "icir": 1.4361936366401284,
      "hit_rate": 0.6692740534845864,
      "mae": 0.4450707048535024,
      "r2": -0.06040622986486155,
      "n_folds": 5
    },
    "hist_gbm": {
      "ic_mean": 0.12815992883036778,
      "ic_std": 0.08510360150998215,
      "icir": 1.5059283808962582,
      "hit_rate": 0.66405060537991,
      "mae": 0.43598103038386926,
      "r2": -0.05354588057205985,
      "n_folds": 5
    },
    "ridge": {
      "ic_mean": 0.070618768962003,
      "ic_std": 0.260199749362911,
      "icir": 0.27140214060509404,
      "hit_rate": 0.680649828494061,
      "mae": 0.6697755385366055,
      "r2": -2.4240992882443444,
      "n_folds": 5
    }
  },
  "leakage_gate": {
    "shuffled_abs_ic": 0.0158,
    "real_abs_ic": 0.1253,
    "pass": true
  },
  "feature_columns": [
    "mom_5d",
    "mom_10d",
    "mom_20d",
    "mom_60d",
    "mom_120d",
    "mom_12m1m",
    "sma_gap_10",
    "sma_gap_20",
    "sma_gap_50",
    "sma_gap_200",
    "mom_accel",
    "dist_52w_high",
    "dist_52w_low",
    "bb_pctb_20",
    "breakout_20",
    "breakdown_20",
    "vol_10d",
    "vol_20d",
    "vol_60d",
    "atr_14",
    "downside_vol_20d",
    "downside_vol_60d",
    "vol_of_vol_60",
    "ret_skew_60",
    "ret_kurt_60",
    "max_dd_252",
    "dd_from_high_60",
    "rel_vol_20",
    "avg_dollar_volume_20",
    "amihud_illiq_20",
    "volume_z_60",
    "overnight_gap",
    "rsi_14",
    "bull_regime",
    "high_vol_regime",
    "mom_20d_rank",
    "excess_ret_1d",
    "beta_60",
    "corr_bench_60",
    "macro_ust_10y",
    "macro_yield_curve",
    "macro_vix",
    "macro_hy_oas",
    "macro_fed_funds",
    "macro_ust_10y_chg_20d",
    "macro_yield_curve_chg_20d",
    "macro_vix_chg_20d",
    "macro_hy_oas_chg_20d",
    "macro_fed_funds_chg_20d",
    "macro_ust_10y_z_252",
    "macro_yield_curve_z_252",
    "macro_vix_z_252",
    "macro_hy_oas_z_252",
    "macro_fed_funds_z_252",
    "event_count",
    "event_sentiment_mean",
    "event_magnitude_mean",
    "event_novelty_max",
    "risk_flag_count",
    "sent_decay_3d",
    "sent_decay_7d",
    "sent_decay_14d",
    "sent_momentum",
    "apprehension_score",
    "days_to_fomc",
    "days_to_earnings",
    "macro_event_imminent"
  ],
  "n_rows": 310563,
  "trained_through": "2025-06-24"
}