{
  "horizon": 252,
  "best_model": "lgbm",
  "per_model": {
    "lgbm": {
      "ic_mean": 0.12444432471508368,
      "ic_std": 0.11338026064860882,
      "icir": 1.0975836887583537,
      "hit_rate": 0.6442304386749569,
      "mae": 0.40780580048937576,
      "r2": -0.3716110427714181,
      "n_folds": 4
    },
    "xgb": {
      "ic_mean": 0.12148056594246191,
      "ic_std": 0.12764119448544659,
      "icir": 0.9517347940230448,
      "hit_rate": 0.6444498269808052,
      "mae": 0.4097247227331917,
      "r2": -0.39788157613609315,
      "n_folds": 4
    },
    "hist_gbm": {
      "ic_mean": 0.10685046255669163,
      "ic_std": 0.11136280240048625,
      "icir": 0.9594807265394848,
      "hit_rate": 0.6329208526349753,
      "mae": 0.41616225607906926,
      "r2": -0.4488894760844614,
      "n_folds": 4
    },
    "ridge": {
      "ic_mean": 0.11669068833481944,
      "ic_std": 0.13499137819616483,
      "icir": 0.864430676196583,
      "hit_rate": 0.7003983844267505,
      "mae": 0.3832783769239417,
      "r2": -0.2877052726111204,
      "n_folds": 4
    }
  },
  "leakage_gate": {
    "shuffled_abs_ic": 0.0097,
    "real_abs_ic": 0.1244,
    "pass": true
  },
  "feature_columns": [
    "mom_5d",
    "mom_10d",
    "mom_20d",
    "mom_60d",
    "mom_120d",
    "mom_12m1m",
    "sma_gap_10",
    "sma_gap_20",
    "sma_gap_50",
    "sma_gap_200",
    "breakout_20",
    "breakdown_20",
    "vol_10d",
    "vol_20d",
    "vol_60d",
    "atr_14",
    "dd_from_high_60",
    "rel_vol_20",
    "avg_dollar_volume_20",
    "rsi_14",
    "bull_regime",
    "high_vol_regime",
    "mom_20d_rank",
    "excess_ret_1d"
  ],
  "n_rows": 197783,
  "trained_through": "2025-04-24"
}