{
  "horizon": 252,
  "best_model": "hist_gbm",
  "per_model": {
    "lgbm": {
      "ic_mean": 0.09873193282430803,
      "ic_std": 0.08229681279567555,
      "icir": 1.1997054256455495,
      "hit_rate": 0.6717737631225009,
      "mae": 0.4257433513610852,
      "r2": -0.04251746070761986,
      "n_folds": 5
    },
    "xgb": {
      "ic_mean": 0.08494282575615701,
      "ic_std": 0.10066297405965283,
      "icir": 0.8438338579766175,
      "hit_rate": 0.6630061934509774,
      "mae": 0.4303791121518626,
      "r2": -0.05205053073412606,
      "n_folds": 5
    },
    "hist_gbm": {
      "ic_mean": 0.10536963290283355,
      "ic_std": 0.08378103207877519,
      "icir": 1.2576788598612592,
      "hit_rate": 0.6604802373401883,
      "mae": 0.4291592361858531,
      "r2": -0.04878389857976306,
      "n_folds": 5
    },
    "ridge": {
      "ic_mean": 0.10073677130397629,
      "ic_std": 0.10596193565928938,
      "icir": 0.9506882889331683,
      "hit_rate": 0.6755991098059484,
      "mae": 0.7353177761254528,
      "r2": -3.6307611553516295,
      "n_folds": 5
    },
    "rnn": {
      "ic_mean": 0.046093453236825496,
      "ic_std": 0.10011234194050328,
      "icir": 0.46041729064952663,
      "hit_rate": 0.6199527945067084,
      "mae": 0.6383941466528447,
      "r2": -0.6064738445459461,
      "n_folds": 5
    },
    "lstm": {
      "ic_mean": 0.048304059677292295,
      "ic_std": 0.08101687638418033,
      "icir": 0.5962221926236141,
      "hit_rate": 0.5910546380525554,
      "mae": 0.5117746476283551,
      "r2": -0.3343280052291283,
      "n_folds": 5
    },
    "gru": {
      "ic_mean": 0.0019205278620737065,
      "ic_std": 0.051446424633505274,
      "icir": 0.03733063814939888,
      "hit_rate": 0.575815219003478,
      "mae": 0.49280230781771744,
      "r2": -0.2719030125781433,
      "n_folds": 5
    }
  },
  "leakage_gate": {
    "real_abs_ic": 0.1054,
    "shuffled_ic_mean": 0.0277,
    "shuffled_ic_p95": 0.0528,
    "n_shuffles": 10,
    "pass": true
  },
  "feature_columns": [
    "mom_5d",
    "mom_10d",
    "mom_20d",
    "mom_60d",
    "mom_120d",
    "mom_12m1m",
    "sma_gap_10",
    "sma_gap_20",
    "sma_gap_50",
    "sma_gap_200",
    "mom_accel",
    "dist_52w_high",
    "dist_52w_low",
    "bb_pctb_20",
    "breakout_20",
    "breakdown_20",
    "vol_10d",
    "vol_20d",
    "vol_60d",
    "atr_14",
    "downside_vol_20d",
    "downside_vol_60d",
    "vol_of_vol_60",
    "ret_skew_60",
    "ret_kurt_60",
    "max_dd_252",
    "dd_from_high_60",
    "rel_vol_20",
    "avg_dollar_volume_20",
    "amihud_illiq_20",
    "volume_z_60",
    "overnight_gap",
    "rsi_14",
    "bull_regime",
    "high_vol_regime",
    "mom_20d_rank",
    "excess_ret_1d",
    "beta_60",
    "corr_bench_60",
    "macro_ust_10y",
    "macro_yield_curve",
    "macro_vix",
    "macro_hy_oas",
    "macro_fed_funds",
    "macro_ust_10y_chg_20d",
    "macro_yield_curve_chg_20d",
    "macro_vix_chg_20d",
    "macro_hy_oas_chg_20d",
    "macro_fed_funds_chg_20d",
    "macro_ust_10y_z_252",
    "macro_yield_curve_z_252",
    "macro_vix_z_252",
    "macro_hy_oas_z_252",
    "macro_fed_funds_z_252",
    "event_count",
    "event_sentiment_mean",
    "event_magnitude_mean",
    "event_novelty_max",
    "risk_flag_count",
    "sent_decay_3d",
    "sent_decay_7d",
    "sent_decay_14d",
    "sent_momentum",
    "days_to_fomc",
    "days_to_earnings",
    "macro_event_imminent",
    "hurst_dfa_120",
    "hurst_rs_120",
    "higuchi_fd_120",
    "rough_vol_h_120",
    "perm_entropy_60",
    "spectral_entropy_60",
    "wavelet_hf_60",
    "dominant_period_120",
    "hill_tail_alpha_250",
    "ews_composite_120",
    "rmt_systematic_frac",
    "rmt_market_beta"
  ],
  "n_rows": 309548,
  "trained_through": "2025-06-26"
}