{
  "horizon": 63,
  "best_model": "ridge",
  "per_model": {
    "lgbm": {
      "ic_mean": -0.02218650048355616,
      "ic_std": 0.05341906309054411,
      "icir": -0.4153292701137521,
      "hit_rate": 0.46886511768657646,
      "mae": 0.20550362860715948,
      "r2": -0.44657350274901686,
      "n_folds": 5
    },
    "xgb": {
      "ic_mean": 2.5092451920544213e-05,
      "ic_std": 0.06646043614445599,
      "icir": 0.0003775547284403035,
      "hit_rate": 0.4897825830586415,
      "mae": 0.20504607059644148,
      "r2": -0.43478227716233314,
      "n_folds": 5
    },
    "hist_gbm": {
      "ic_mean": -0.01447358897845023,
      "ic_std": 0.04275481353969683,
      "icir": -0.3385253677930754,
      "hit_rate": 0.4672594744664618,
      "mae": 0.209857461502569,
      "r2": -0.5315091326910453,
      "n_folds": 5
    },
    "ridge": {
      "ic_mean": 0.02491821969898285,
      "ic_std": 0.07983611287323666,
      "icir": 0.3121171460157117,
      "hit_rate": 0.5624664852989725,
      "mae": 0.20776518145996398,
      "r2": -0.41784183379428474,
      "n_folds": 5
    },
    "rnn": {
      "ic_mean": -0.004279150360204363,
      "ic_std": 0.05437171025141543,
      "icir": -0.07870177966478378,
      "hit_rate": 0.5551049572436153,
      "mae": 0.21868033391079753,
      "r2": -0.7212242470122396,
      "n_folds": 5
    },
    "lstm": {
      "ic_mean": 0.010065929794335954,
      "ic_std": 0.0512476448163792,
      "icir": 0.19641741255431885,
      "hit_rate": 0.5180952995184265,
      "mae": 0.23286123526628755,
      "r2": -0.8577008190946248,
      "n_folds": 5
    },
    "gru": {
      "ic_mean": 0.0074497887372715664,
      "ic_std": 0.04259808007649178,
      "icir": 0.17488555174069487,
      "hit_rate": 0.5458649646620775,
      "mae": 0.22524497409486824,
      "r2": -0.7798152804572791,
      "n_folds": 5
    }
  },
  "leakage_gate": {
    "real_abs_ic": 0.0249,
    "shuffled_ic_mean": 0.0349,
    "shuffled_ic_p95": 0.071,
    "n_shuffles": 10,
    "pass": false
  },
  "feature_columns": [
    "mom_5d",
    "mom_10d",
    "mom_20d",
    "mom_60d",
    "mom_120d",
    "mom_12m1m",
    "sma_gap_10",
    "sma_gap_20",
    "sma_gap_50",
    "sma_gap_200",
    "mom_accel",
    "dist_52w_high",
    "dist_52w_low",
    "bb_pctb_20",
    "breakout_20",
    "breakdown_20",
    "vol_10d",
    "vol_20d",
    "vol_60d",
    "atr_14",
    "downside_vol_20d",
    "downside_vol_60d",
    "vol_of_vol_60",
    "ret_skew_60",
    "ret_kurt_60",
    "max_dd_252",
    "dd_from_high_60",
    "rel_vol_20",
    "avg_dollar_volume_20",
    "amihud_illiq_20",
    "volume_z_60",
    "overnight_gap",
    "rsi_14",
    "bull_regime",
    "high_vol_regime",
    "mom_20d_rank",
    "excess_ret_1d",
    "beta_60",
    "corr_bench_60",
    "macro_ust_10y",
    "macro_yield_curve",
    "macro_vix",
    "macro_hy_oas",
    "macro_fed_funds",
    "macro_ust_10y_chg_20d",
    "macro_yield_curve_chg_20d",
    "macro_vix_chg_20d",
    "macro_hy_oas_chg_20d",
    "macro_fed_funds_chg_20d",
    "macro_ust_10y_z_252",
    "macro_yield_curve_z_252",
    "macro_vix_z_252",
    "macro_hy_oas_z_252",
    "macro_fed_funds_z_252",
    "event_count",
    "event_sentiment_mean",
    "event_magnitude_mean",
    "event_novelty_max",
    "risk_flag_count",
    "sent_decay_3d",
    "sent_decay_7d",
    "sent_decay_14d",
    "sent_momentum",
    "days_to_fomc",
    "days_to_earnings",
    "macro_event_imminent",
    "hurst_dfa_120",
    "hurst_rs_120",
    "higuchi_fd_120",
    "rough_vol_h_120",
    "perm_entropy_60",
    "spectral_entropy_60",
    "wavelet_hf_60",
    "dominant_period_120",
    "hill_tail_alpha_250",
    "ews_composite_120",
    "rmt_systematic_frac",
    "rmt_market_beta"
  ],
  "n_rows": 330441,
  "trained_through": "2026-03-27"
}