{
  "horizon": 63,
  "best_model": "ridge",
  "per_model": {
    "lgbm": {
      "ic_mean": 0.056958600278445924,
      "ic_std": 0.07811405373892588,
      "icir": 0.729172249449682,
      "hit_rate": 0.4870868533463707,
      "mae": 0.20042227370120647,
      "r2": -0.3635479257195298,
      "n_folds": 5
    },
    "xgb": {
      "ic_mean": 0.036427302955818607,
      "ic_std": 0.063133971976857,
      "icir": 0.5769841784890669,
      "hit_rate": 0.4910530788238763,
      "mae": 0.20608581824282918,
      "r2": -0.4645001427098068,
      "n_folds": 5
    },
    "hist_gbm": {
      "ic_mean": 0.04239749571455509,
      "ic_std": 0.04453340601870131,
      "icir": 0.9520380205536206,
      "hit_rate": 0.47911108519618173,
      "mae": 0.20534993235393117,
      "r2": -0.42455111453596733,
      "n_folds": 5
    },
    "ridge": {
      "ic_mean": 0.1361662466236715,
      "ic_std": 0.10689638107468695,
      "icir": 1.2738153083829293,
      "hit_rate": 0.5644803013042755,
      "mae": 0.21185127252267932,
      "r2": -0.48579630942979846,
      "n_folds": 5
    }
  },
  "leakage_gate": {
    "shuffled_abs_ic": 0.0771,
    "real_abs_ic": 0.1362,
    "pass": false
  },
  "feature_columns": [
    "mom_5d",
    "mom_10d",
    "mom_20d",
    "mom_60d",
    "mom_120d",
    "mom_12m1m",
    "sma_gap_10",
    "sma_gap_20",
    "sma_gap_50",
    "sma_gap_200",
    "mom_accel",
    "dist_52w_high",
    "dist_52w_low",
    "bb_pctb_20",
    "breakout_20",
    "breakdown_20",
    "vol_10d",
    "vol_20d",
    "vol_60d",
    "atr_14",
    "downside_vol_20d",
    "downside_vol_60d",
    "vol_of_vol_60",
    "ret_skew_60",
    "ret_kurt_60",
    "max_dd_252",
    "dd_from_high_60",
    "rel_vol_20",
    "avg_dollar_volume_20",
    "amihud_illiq_20",
    "volume_z_60",
    "overnight_gap",
    "rsi_14",
    "bull_regime",
    "high_vol_regime",
    "mom_20d_rank",
    "excess_ret_1d",
    "beta_60",
    "corr_bench_60",
    "macro_ust_10y",
    "macro_yield_curve",
    "macro_vix",
    "macro_hy_oas",
    "macro_fed_funds",
    "macro_ust_10y_chg_20d",
    "macro_yield_curve_chg_20d",
    "macro_vix_chg_20d",
    "macro_hy_oas_chg_20d",
    "macro_fed_funds_chg_20d",
    "macro_ust_10y_z_252",
    "macro_yield_curve_z_252",
    "macro_vix_z_252",
    "macro_hy_oas_z_252",
    "macro_fed_funds_z_252",
    "event_count",
    "event_sentiment_mean",
    "event_magnitude_mean",
    "event_novelty_max",
    "risk_flag_count",
    "sent_decay_3d",
    "sent_decay_7d",
    "sent_decay_14d",
    "sent_momentum",
    "apprehension_score",
    "days_to_fomc",
    "days_to_earnings",
    "macro_event_imminent"
  ],
  "n_rows": 331637,
  "trained_through": "2026-03-25"
}